{
  "train_loss": [
    0.14787918240332662,
    0.112850363022369,
    0.10886699116503201
  ],
  "train_acc": [
    0.9373642802238464,
    0.9520516395568848,
    0.9545090794563293
  ],
  "val_loss": [
    0.036794163903966545,
    0.0482412062862888,
    0.04556301174606196
  ],
  "val_acc": [
    0.9850000143051147,
    0.9793999791145325,
    0.9811999797821045
  ]
}